{
    "average": -27.871724502080042,
    "results": {
        "AAVEUSDT": {
            "sl": 0.97,
            "tp": 1.045,
            "ema_window": 50,
            "strategy": "1",
            "return": 189.5669501675
        },
        "ADAUSDT": {
            "sl": 0.93,
            "tp": 1.105,
            "ema_window": 50,
            "strategy": "2",
            "return": -100.0
        },
        "ALGOUSDT": {
            "sl": 0.93,
            "tp": 1.105,
            "ema_window": 100,
            "strategy": "2",
            "return": 21.33042521614992
        },
        "ANKRUSDT": {
            "sl": 0.93,
            "tp": 1.105,
            "ema_window": 50,
            "strategy": "5",
            "return": -100.0
        },
        "ANTUSDT": {
            "sl": 0.98,
            "tp": 1.03,
            "ema_window": 20,
            "strategy": "4",
            "return": -2.154302074350024
        },
        "ATOMUSDT": {
            "sl": 0.98,
            "tp": 1.03,
            "ema_window": 200,
            "strategy": "2",
            "return": -50.66000712950004
        },
        "AUDIOUSDT": {
            "sl": 0.96,
            "tp": 1.06,
            "ema_window": 50,
            "strategy": "2",
            "return": 83.94780521046997
        },
        "AVAXUSDT": {
            "sl": 0.93,
            "tp": 1.105,
            "ema_window": 50,
            "strategy": "3",
            "return": 13.520649619900011
        },
        "AXSUSDT": {
            "sl": 0.98,
            "tp": 1.03,
            "ema_window": 20,
            "strategy": "1",
            "return": -5.49554562145994
        },
        "BALUSDT": {
            "sl": 0.99,
            "tp": 1.015,
            "ema_window": 100,
            "strategy": "1",
            "return": 9.968205690999937
        },
        "BATUSDT": {
            "sl": 0.93,
            "tp": 1.105,
            "ema_window": 100,
            "strategy": "2",
            "return": -15.316164418900009
        },
        "BCHUSDT": {
            "sl": 0.95,
            "tp": 1.075,
            "ema_window": 50,
            "strategy": "2",
            "return": -86.25092102500001
        },
        "BNBUSDT": {
            "sl": 0.96,
            "tp": 1.06,
            "ema_window": 20,
            "strategy": "1",
            "return": -52.45256398180004
        },
        "CELRUSDT": {
            "sl": 0.99,
            "tp": 1.015,
            "ema_window": 20,
            "strategy": "2",
            "return": 73.564936379955
        },
        "CHRUSDT": {
            "sl": 0.93,
            "tp": 1.105,
            "ema_window": 100,
            "strategy": "2",
            "return": -35.474565137750005
        },
        "CHZUSDT": {
            "sl": 0.94,
            "tp": 1.09,
            "ema_window": 50,
            "strategy": "1",
            "return": -97.67710171098003
        },
        "COMPUSDT": {
            "sl": 0.93,
            "tp": 1.105,
            "ema_window": 50,
            "strategy": "3",
            "return": -100.0
        },
        "CRVUSDT": {
            "sl": 0.91,
            "tp": 1.135,
            "ema_window": 20,
            "strategy": "5",
            "return": 22.79462106149999
        },
        "CVCUSDT": {
            "sl": 0.93,
            "tp": 1.105,
            "ema_window": 100,
            "strategy": "5",
            "return": 121.12794279535002
        },
        "DASHUSDT": {
            "sl": 0.95,
            "tp": 1.075,
            "ema_window": 50,
            "strategy": "3",
            "return": -85.3543757
        },
        "DCRUSDT": {
            "sl": 0.99,
            "tp": 1.015,
            "ema_window": 200,
            "strategy": "1",
            "return": -47.89795845899999
        },
        "DGBUSDT": {
            "sl": 0.91,
            "tp": 1.135,
            "ema_window": 100,
            "strategy": "5",
            "return": -15.17329119575501
        },
        "DOGEUSDT": {
            "sl": 0.98,
            "tp": 1.03,
            "ema_window": 200,
            "strategy": "1",
            "return": -14.671524752903498
        },
        "DOTUSDT": {
            "sl": 0.95,
            "tp": 1.075,
            "ema_window": 100,
            "strategy": "2",
            "return": -75.16962106679999
        },
        "EGLDUSDT": {
            "sl": 0.94,
            "tp": 1.09,
            "ema_window": 20,
            "strategy": "1",
            "return": -78.53590417250001
        },
        "ENJUSDT": {
            "sl": 0.92,
            "tp": 1.12,
            "ema_window": 100,
            "strategy": "2",
            "return": -6.838739464794983
        },
        "EOSUSDT": {
            "sl": 0.99,
            "tp": 1.015,
            "ema_window": 20,
            "strategy": "2",
            "return": -11.567737683950035
        },
        "ETCUSDT": {
            "sl": 0.94,
            "tp": 1.09,
            "ema_window": 50,
            "strategy": "4",
            "return": -33.117202999750035
        },
        "FILUSDT": {
            "sl": 0.92,
            "tp": 1.12,
            "ema_window": 50,
            "strategy": "5",
            "return": 18.319200874000003
        },
        "FTMUSDT": {
            "sl": 0.91,
            "tp": 1.135,
            "ema_window": 20,
            "strategy": "3",
            "return": 35.74259755720495
        },
        "GRTUSDT": {
            "sl": 0.92,
            "tp": 1.12,
            "ema_window": 100,
            "strategy": "2",
            "return": 0.0
        },
        "HBARUSDT": {
            "sl": 0.95,
            "tp": 1.075,
            "ema_window": 200,
            "strategy": "2",
            "return": 13.067234639615025
        },
        "HIVEUSDT": {
            "sl": 0.94,
            "tp": 1.09,
            "ema_window": 20,
            "strategy": "1",
            "return": -33.25796639895003
        },
        "HNTUSDT": {
            "sl": 0.91,
            "tp": 1.135,
            "ema_window": 50,
            "strategy": "3",
            "return": -100.0
        },
        "HOTUSDT": {
            "sl": 0.94,
            "tp": 1.09,
            "ema_window": 20,
            "strategy": "3",
            "return": -97.348301368375
        },
        "ICXUSDT": {
            "sl": 0.93,
            "tp": 1.105,
            "ema_window": 100,
            "strategy": "2",
            "return": -100.0
        },
        "INJUSDT": {
            "sl": 0.96,
            "tp": 1.06,
            "ema_window": 200,
            "strategy": "1",
            "return": -50.136243117599975
        },
        "IOSTUSDT": {
            "sl": 0.93,
            "tp": 1.105,
            "ema_window": 20,
            "strategy": "2",
            "return": -100.0
        },
        "IOTXUSDT": {
            "sl": 0.93,
            "tp": 1.105,
            "ema_window": 50,
            "strategy": "2",
            "return": -100.0
        },
        "JSTUSDT": {
            "sl": 0.97,
            "tp": 1.045,
            "ema_window": 20,
            "strategy": "3",
            "return": -51.38182066603994
        },
        "KAVAUSDT": {
            "sl": 0.94,
            "tp": 1.09,
            "ema_window": 100,
            "strategy": "2",
            "return": -28.738984621049983
        },
        "KNCUSDT": {
            "sl": 0.95,
            "tp": 1.075,
            "ema_window": 20,
            "strategy": "5",
            "return": 69.15473561400003
        },
        "KSMUSDT": {
            "sl": 0.95,
            "tp": 1.075,
            "ema_window": 20,
            "strategy": "3",
            "return": -63.82432012049999
        },
        "LINKUSDT": {
            "sl": 0.98,
            "tp": 1.03,
            "ema_window": 50,
            "strategy": "4",
            "return": -79.45388994159997
        },
        "LRCUSDT": {
            "sl": 0.93,
            "tp": 1.105,