{
    "average": 43.03163552219485,
    "results": {
        "AAVEUSDT": {
            "sl": 0.91,
            "tp": 1.135,
            "ema_window": 100.0,
            "strategy": "7",
            "return": 39.16697321249998
        },
        "ADAUSDT": {
            "sl": 0.91,
            "tp": 1.135,
            "ema_window": 100.0,
            "strategy": "7",
            "return": 209.78716632190998
        },
        "ALGOUSDT": {
            "sl": 0.91,
            "tp": 1.135,
            "ema_window": 100.0,
            "strategy": "7",
            "return": -7.145425524199993
        },
        "ANKRUSDT": {
            "sl": 0.91,
            "tp": 1.135,
            "ema_window": 100.0,
            "strategy": "7",
            "return": -100.0
        },
        "ANTUSDT": {
            "sl": 0.91,
            "tp": 1.135,
            "ema_window": 100.0,
            "strategy": "7",
            "return": -5.71783720960001
        },
        "ATOMUSDT": {
            "sl": 0.91,
            "tp": 1.135,
            "ema_window": 100.0,
            "strategy": "7",
            "return": 46.2174455455
        },
        "AUDIOUSDT": {
            "sl": 0.91,
            "tp": 1.135,
            "ema_window": 100.0,
            "strategy": "7",
            "return": 16.335830459955
        },
        "AVAXUSDT": {
            "sl": 0.91,
            "tp": 1.135,
            "ema_window": 100.0,
            "strategy": "7",
            "return": 0.0
        },
        "AXSUSDT": {
            "sl": 0.91,
            "tp": 1.135,
            "ema_window": 100.0,
            "strategy": "7",
            "return": -12.168847067980009
        },
        "BALUSDT": {
            "sl": 0.91,
            "tp": 1.135,
            "ema_window": 100.0,
            "strategy": "7",
            "return": 4.025452935999986
        },
        "BATUSDT": {
            "sl": 0.91,
            "tp": 1.135,
            "ema_window": 100.0,
            "strategy": "7",
            "return": -24.56347671989999
        },
        "BCHUSDT": {
            "sl": 0.91,
            "tp": 1.135,
            "ema_window": 100.0,
            "strategy": "7",
            "return": -16.101581300000007
        },
        "BNBUSDT": {
            "sl": 0.91,
            "tp": 1.135,
            "ema_window": 100.0,
            "strategy": "7",
            "return": 67.19317058375
        },
        "BTCUSDT": {
            "sl": 0.91,
            "tp": 1.135,
            "ema_window": 100.0,
            "strategy": "7",
            "return": 131.10812069999997
        },
        "BTTUSDT": {
            "sl": 0.91,
            "tp": 1.135,
            "ema_window": 100.0,
            "strategy": "7",
            "return": -39.22526972449151
        },
        "BUSDUSDT": {
            "sl": 0.91,
            "tp": 1.135,
            "ema_window": 100.0,
            "strategy": "7",
            "return": -0.27958000000000177
        },
        "CELRUSDT": {
            "sl": 0.91,
            "tp": 1.135,
            "ema_window": 100.0,
            "strategy": "7",
            "return": 105.12526913018996
        },
        "CHRUSDT": {
            "sl": 0.91,
            "tp": 1.135,
            "ema_window": 100.0,
            "strategy": "7",
            "return": -100.0
        },
        "CHZUSDT": {
            "sl": 0.91,
            "tp": 1.135,
            "ema_window": 100.0,
            "strategy": "7",
            "return": 136.33751184483498
        },
        "COMPUSDT": {
            "sl": 0.91,
            "tp": 1.135,
            "ema_window": 100.0,
            "strategy": "7",
            "return": -14.543441925000005
        },
        "CRVUSDT": {
            "sl": 0.91,
            "tp": 1.135,
            "ema_window": 100.0,
            "strategy": "7",
            "return": 3.1616093210000105
        },
        "CVCUSDT": {
            "sl": 0.91,
            "tp": 1.135,
            "ema_window": 100.0,
            "strategy": "7",
            "return": 153.4877689491
        },
        "DAIUSDT": {
            "sl": 0.91,
            "tp": 1.135,
            "ema_window": 100.0,
            "strategy": "7",
            "return": 0.0
        },
        "DASHUSDT": {
            "sl": 0.91,
            "tp": 1.135,
            "ema_window": 100.0,
            "strategy": "7",
            "return": -13.442810975
        },
        "DCRUSDT": {
            "sl": 0.91,
            "tp": 1.135,
            "ema_window": 100.0,
            "strategy": "7",
            "return": 0.0
        },
        "DGBUSDT": {
            "sl": 0.91,
            "tp": 1.135,
            "ema_window": 100.0,
            "strategy": "7",
            "return": -15.173292302015003
        },
        "DOGEUSDT": {
            "sl": 0.91,
            "tp": 1.135,
            "ema_window": 100.0,
            "strategy": "7",
            "return": 67.94250883376527
        },
        "DOTUSDT": {
            "sl": 0.91,
            "tp": 1.135,
            "ema_window": 100.0,
            "strategy": "7",
            "return": 128.2095637746
        },
        "EGLDUSDT": {
            "sl": 0.91,
            "tp": 1.135,
            "ema_window": 100.0,
            "strategy": "7",
            "return": 0.0
        },
        "ENJUSDT": {
            "sl": 0.91,
            "tp": 1.135,
            "ema_window": 100.0,
            "strategy": "7",
            "return": 112.52700943412502
        },
        "EOSUSDT": {
            "sl": 0.91,
            "tp": 1.135,
            "ema_window": 100.0,
            "strategy": "7",
            "return": -42.104032481700024
        },
        "ETCUSDT": {
            "sl": 0.91,
            "tp": 1.135,
            "ema_window": 100.0,
            "strategy": "7",
            "return": -41.14252544765
        },
        "ETHUSDT": {
            "sl": 0.91,
            "tp": 1.135,
            "ema_window": 100.0,
            "strategy": "7",
            "return": 204.90784538999995
        },
        "FILUSDT": {
            "sl": 0.91,
            "tp": 1.135,
            "ema_window": 100.0,
            "strategy": "7",
            "return": 0.0
        },
        "FTMUSDT": {
            "sl": 0.91,
            "tp": 1.135,
            "ema_window": 100.0,
            "strategy": "7",
            "return": 29.526092513264974
        },
        "GRTUSDT": {
            "sl": 0.91,
            "tp": 1.135,
            "ema_window": 100.0,
            "strategy": "7",
            "return": 0.0
        },
        "HBARUSDT": {
            "sl": 0.91,
            "tp": 1.135,
            "ema_window": 100.0,
            "strategy": "7",
            "return": -5.183989571000012
        },
        "HIVEUSDT": {
            "sl": 0.91,
            "tp": 1.135,
            "ema_window": 100.0,
            "strategy": "7",
            "return": -53.04539342655003
        },
        "HNTUSDT": {
            "sl": 0.91,
            "tp": 1.135,
            "ema_window": 100.0,
            "strategy": "7",
            "return": -1.8975213190000215
        },
        "HOTUSDT": {
            "sl": 0.91,
            "tp": 1.135,
            "ema_window": 100.0,
            "strategy": "7",
            "return": -21.096528336681672
        },
        "ICXUSDT": {
            "sl": 0.91,
            "tp": 1.135,
            "ema_window": 100.0,
            "strategy": "7",
            "return": 33.34301101394998
        },
        "INJUSDT": {
            "sl": 0.91,
            "tp": 1.135,
            "ema_window": 100.0,
            "strategy": "7",
            "return": 133.44916800930002
        },
        "IOSTUSDT": {
            "sl": 0.91,
            "tp": 1.135,
            "ema_window": 100.0,
            "strategy": "7",
            "return": -14.035523746885506
        },
        "IOTXUSDT": {
            "sl": 0.91,
            "tp": 1.135,
            "ema_window": 100.0,
            "strategy": "7",