{
    "average": -2.7070724746389727,
    "results": {
        "AAVEUSDT": {
            "sl": 0.93,
            "tp": 1.105,
            "ema_window": 100.0,
            "strategy": "2",
            "return": 10.225343884999981
        },
        "ADAUSDT": {
            "sl": 0.93,
            "tp": 1.105,
            "ema_window": 100.0,
            "strategy": "2",
            "return": -100.0
        },
        "ALGOUSDT": {
            "sl": 0.93,
            "tp": 1.105,
            "ema_window": 100.0,
            "strategy": "2",
            "return": 21.33042521614992
        },
        "ANKRUSDT": {
            "sl": 0.93,
            "tp": 1.105,
            "ema_window": 100.0,
            "strategy": "2",
            "return": -100.0
        },
        "ANTUSDT": {
            "sl": 0.93,
            "tp": 1.105,
            "ema_window": 100.0,
            "strategy": "2",
            "return": 37.07563885375005
        },
        "ATOMUSDT": {
            "sl": 0.93,
            "tp": 1.105,
            "ema_window": 100.0,
            "strategy": "2",
            "return": -100.0
        },
        "AUDIOUSDT": {
            "sl": 0.93,
            "tp": 1.105,
            "ema_window": 100.0,
            "strategy": "2",
            "return": -2.513998447575024
        },
        "AVAXUSDT": {
            "sl": 0.93,
            "tp": 1.105,
            "ema_window": 100.0,
            "strategy": "2",
            "return": -27.914877612300014
        },
        "AXSUSDT": {
            "sl": 0.93,
            "tp": 1.105,
            "ema_window": 100.0,
            "strategy": "2",
            "return": -10.980622232015012
        },
        "BALUSDT": {
            "sl": 0.93,
            "tp": 1.105,
            "ema_window": 100.0,
            "strategy": "2",
            "return": -40.268519375000004
        },
        "BATUSDT": {
            "sl": 0.93,
            "tp": 1.105,
            "ema_window": 100.0,
            "strategy": "2",
            "return": -15.316164418900009
        },
        "BCHUSDT": {
            "sl": 0.93,
            "tp": 1.105,
            "ema_window": 100.0,
            "strategy": "2",
            "return": -19.607759625000007
        },
        "BNBUSDT": {
            "sl": 0.93,
            "tp": 1.105,
            "ema_window": 100.0,
            "strategy": "2",
            "return": 104.67440295119997
        },
        "BTCUSDT": {
            "sl": 0.93,
            "tp": 1.105,
            "ema_window": 100.0,
            "strategy": "2",
            "return": 224.64313553999995
        },
        "BTTUSDT": {
            "sl": 0.93,
            "tp": 1.105,
            "ema_window": 100.0,
            "strategy": "2",
            "return": -29.53762298568701
        },
        "BUSDUSDT": {
            "sl": 0.93,
            "tp": 1.105,
            "ema_window": 100.0,
            "strategy": "2",
            "return": -0.4686860310000047
        },
        "CELRUSDT": {
            "sl": 0.93,
            "tp": 1.105,
            "ema_window": 100.0,
            "strategy": "2",
            "return": -100.0
        },
        "CHRUSDT": {
            "sl": 0.93,
            "tp": 1.105,
            "ema_window": 100.0,
            "strategy": "2",
            "return": -35.474565137750005
        },
        "CHZUSDT": {
            "sl": 0.93,
            "tp": 1.105,
            "ema_window": 100.0,
            "strategy": "2",
            "return": 151.56631818242005
        },
        "COMPUSDT": {
            "sl": 0.93,
            "tp": 1.105,
            "ema_window": 100.0,
            "strategy": "2",
            "return": -100.0
        },
        "CRVUSDT": {
            "sl": 0.93,
            "tp": 1.105,
            "ema_window": 100.0,
            "strategy": "2",
            "return": -100.0
        },
        "CVCUSDT": {
            "sl": 0.93,
            "tp": 1.105,
            "ema_window": 100.0,
            "strategy": "2",
            "return": 284.9802578850549
        },
        "DAIUSDT": {
            "sl": 0.93,
            "tp": 1.105,
            "ema_window": 100.0,
            "strategy": "2",
            "return": -0.11087313299998641
        },
        "DASHUSDT": {
            "sl": 0.93,
            "tp": 1.105,
            "ema_window": 100.0,
            "strategy": "2",
            "return": -100.0
        },
        "DCRUSDT": {
            "sl": 0.93,
            "tp": 1.105,
            "ema_window": 100.0,
            "strategy": "2",
            "return": -100.0
        },
        "DGBUSDT": {
            "sl": 0.93,
            "tp": 1.105,
            "ema_window": 100.0,
            "strategy": "2",
            "return": 2.3173294885750075
        },
        "DOGEUSDT": {
            "sl": 0.93,
            "tp": 1.105,
            "ema_window": 100.0,
            "strategy": "2",
            "return": -100.0
        },
        "DOTUSDT": {
            "sl": 0.93,
            "tp": 1.105,
            "ema_window": 100.0,
            "strategy": "2",
            "return": -100.0
        },
        "EGLDUSDT": {
            "sl": 0.93,
            "tp": 1.105,
            "ema_window": 100.0,
            "strategy": "2",
            "return": -100.0
        },
        "ENJUSDT": {
            "sl": 0.93,
            "tp": 1.105,
            "ema_window": 100.0,
            "strategy": "2",
            "return": -100.0
        },
        "EOSUSDT": {
            "sl": 0.93,
            "tp": 1.105,
            "ema_window": 100.0,
            "strategy": "2",
            "return": -43.25712418770001
        },
        "ETCUSDT": {
            "sl": 0.93,
            "tp": 1.105,
            "ema_window": 100.0,
            "strategy": "2",
            "return": -75.34834688939999
        },
        "ETHUSDT": {
            "sl": 0.93,
            "tp": 1.105,
            "ema_window": 100.0,
            "strategy": "2",
            "return": 284.5891937149999
        },
        "FILUSDT": {
            "sl": 0.93,
            "tp": 1.105,
            "ema_window": 100.0,
            "strategy": "2",
            "return": -18.564138340999996
        },
        "FTMUSDT": {
            "sl": 0.93,
            "tp": 1.105,
            "ema_window": 100.0,
            "strategy": "2",
            "return": -100.0
        },
        "GRTUSDT": {
            "sl": 0.93,
            "tp": 1.105,
            "ema_window": 100.0,
            "strategy": "2",
            "return": 0.0
        },
        "HBARUSDT": {
            "sl": 0.93,
            "tp": 1.105,
            "ema_window": 100.0,
            "strategy": "2",
            "return": 186.21219889412484
        },
        "HIVEUSDT": {
            "sl": 0.93,
            "tp": 1.105,
            "ema_window": 100.0,
            "strategy": "2",
            "return": 103.72631702535003
        },
        "HNTUSDT": {
            "sl": 0.93,
            "tp": 1.105,
            "ema_window": 100.0,
            "strategy": "2",
            "return": -100.0
        },
        "HOTUSDT": {
            "sl": 0.93,
            "tp": 1.105,
            "ema_window": 100.0,
            "strategy": "2",
            "return": -100.0
        },
        "ICXUSDT": {
            "sl": 0.93,
            "tp": 1.105,
            "ema_window": 100.0,
            "strategy": "2",
            "return": -100.0
        },
        "INJUSDT": {
            "sl": 0.93,
            "tp": 1.105,
            "ema_window": 100.0,
            "strategy": "2",
            "return": -100.0
        },
        "IOSTUSDT": {
            "sl": 0.93,
            "tp": 1.105,
            "ema_window": 100.0,
            "strategy": "2",
            "return": -100.0
        },
        "IOTXUSDT": {
            "sl": 0.93,
            "tp": 1.105,
            "ema_window": 100.0,
            "strategy": "2",
            "return": -100.0
        },
        "JSTUSDT": {
            "sl": 0.93,
            "tp": 1.105,