{
    "average": -4.4683046222376355,
    "results": {
        "AAVEUSDT": {
            "sl": 0.93,
            "tp": 1.105,
            "ema_window": 50.0,
            "strategy": "3",
            "return": 10.225343884999981
        },
        "ADAUSDT": {
            "sl": 0.93,
            "tp": 1.105,
            "ema_window": 50.0,
            "strategy": "3",
            "return": -100.0
        },
        "ALGOUSDT": {
            "sl": 0.93,
            "tp": 1.105,
            "ema_window": 50.0,
            "strategy": "3",
            "return": 21.30162375964994
        },
        "ANKRUSDT": {
            "sl": 0.93,
            "tp": 1.105,
            "ema_window": 50.0,
            "strategy": "3",
            "return": 411.20968796896574
        },
        "ANTUSDT": {
            "sl": 0.93,
            "tp": 1.105,
            "ema_window": 50.0,
            "strategy": "3",
            "return": 37.07563885375005
        },
        "ATOMUSDT": {
            "sl": 0.93,
            "tp": 1.105,
            "ema_window": 50.0,
            "strategy": "3",
            "return": -100.0
        },
        "AUDIOUSDT": {
            "sl": 0.93,
            "tp": 1.105,
            "ema_window": 50.0,
            "strategy": "3",
            "return": -15.164714369934998
        },
        "AVAXUSDT": {
            "sl": 0.93,
            "tp": 1.105,
            "ema_window": 50.0,
            "strategy": "3",
            "return": 13.520649619900011
        },
        "AXSUSDT": {
            "sl": 0.93,
            "tp": 1.105,
            "ema_window": 50.0,
            "strategy": "3",
            "return": -10.186715432340018
        },
        "BALUSDT": {
            "sl": 0.93,
            "tp": 1.105,
            "ema_window": 50.0,
            "strategy": "3",
            "return": -30.586732087999973
        },
        "BATUSDT": {
            "sl": 0.93,
            "tp": 1.105,
            "ema_window": 50.0,
            "strategy": "3",
            "return": -15.316164418900009
        },
        "BCHUSDT": {
            "sl": 0.93,
            "tp": 1.105,
            "ema_window": 50.0,
            "strategy": "3",
            "return": -19.607759625000007
        },
        "BNBUSDT": {
            "sl": 0.93,
            "tp": 1.105,
            "ema_window": 50.0,
            "strategy": "3",
            "return": 104.67440295119997
        },
        "BTCUSDT": {
            "sl": 0.93,
            "tp": 1.105,
            "ema_window": 50.0,
            "strategy": "3",
            "return": 194.81889664999997
        },
        "BTTUSDT": {
            "sl": 0.93,
            "tp": 1.105,
            "ema_window": 50.0,
            "strategy": "3",
            "return": -29.53762298568701
        },
        "BUSDUSDT": {
            "sl": 0.93,
            "tp": 1.105,
            "ema_window": 50.0,
            "strategy": "3",
            "return": -0.2003891089999961
        },
        "CELRUSDT": {
            "sl": 0.93,
            "tp": 1.105,
            "ema_window": 50.0,
            "strategy": "3",
            "return": -100.0
        },
        "CHRUSDT": {
            "sl": 0.93,
            "tp": 1.105,
            "ema_window": 50.0,
            "strategy": "3",
            "return": -35.474565137750005
        },
        "CHZUSDT": {
            "sl": 0.93,
            "tp": 1.105,
            "ema_window": 50.0,
            "strategy": "3",
            "return": -100.0
        },
        "COMPUSDT": {
            "sl": 0.93,
            "tp": 1.105,
            "ema_window": 50.0,
            "strategy": "3",
            "return": -100.0
        },
        "CRVUSDT": {
            "sl": 0.93,
            "tp": 1.105,
            "ema_window": 50.0,
            "strategy": "3",
            "return": -100.0
        },
        "CVCUSDT": {
            "sl": 0.93,
            "tp": 1.105,
            "ema_window": 50.0,
            "strategy": "3",
            "return": 284.5587805894349
        },
        "DAIUSDT": {
            "sl": 0.93,
            "tp": 1.105,
            "ema_window": 50.0,
            "strategy": "3",
            "return": 0.0
        },
        "DASHUSDT": {
            "sl": 0.93,
            "tp": 1.105,
            "ema_window": 50.0,
            "strategy": "3",
            "return": -100.0
        },
        "DCRUSDT": {
            "sl": 0.93,
            "tp": 1.105,
            "ema_window": 50.0,
            "strategy": "3",
            "return": -100.0
        },
        "DGBUSDT": {
            "sl": 0.93,
            "tp": 1.105,
            "ema_window": 50.0,
            "strategy": "3",
            "return": -5.7807915761499755
        },
        "DOGEUSDT": {
            "sl": 0.93,
            "tp": 1.105,
            "ema_window": 50.0,
            "strategy": "3",
            "return": 190.81730858848948
        },
        "DOTUSDT": {
            "sl": 0.93,
            "tp": 1.105,
            "ema_window": 50.0,
            "strategy": "3",
            "return": -100.0
        },
        "EGLDUSDT": {
            "sl": 0.93,
            "tp": 1.105,
            "ema_window": 50.0,
            "strategy": "3",
            "return": -100.0
        },
        "ENJUSDT": {
            "sl": 0.93,
            "tp": 1.105,
            "ema_window": 50.0,
            "strategy": "3",
            "return": -100.0
        },
        "EOSUSDT": {
            "sl": 0.93,
            "tp": 1.105,
            "ema_window": 50.0,
            "strategy": "3",
            "return": -43.25712418770001
        },
        "ETCUSDT": {
            "sl": 0.93,
            "tp": 1.105,
            "ema_window": 50.0,
            "strategy": "3",
            "return": -75.3615962196
        },
        "ETHUSDT": {
            "sl": 0.93,
            "tp": 1.105,
            "ema_window": 50.0,
            "strategy": "3",
            "return": 284.5891937149999
        },
        "FILUSDT": {
            "sl": 0.93,
            "tp": 1.105,
            "ema_window": 50.0,
            "strategy": "3",
            "return": 15.732698731250014
        },
        "FTMUSDT": {
            "sl": 0.93,
            "tp": 1.105,
            "ema_window": 50.0,
            "strategy": "3",
            "return": -100.0
        },
        "GRTUSDT": {
            "sl": 0.93,
            "tp": 1.105,
            "ema_window": 50.0,
            "strategy": "3",
            "return": 0.0
        },
        "HBARUSDT": {
            "sl": 0.93,
            "tp": 1.105,
            "ema_window": 50.0,
            "strategy": "3",
            "return": 186.2120252746999
        },
        "HIVEUSDT": {
            "sl": 0.93,
            "tp": 1.105,
            "ema_window": 50.0,
            "strategy": "3",
            "return": 103.40314286910007
        },
        "HNTUSDT": {
            "sl": 0.93,
            "tp": 1.105,
            "ema_window": 50.0,
            "strategy": "3",
            "return": -100.0
        },
        "HOTUSDT": {
            "sl": 0.93,
            "tp": 1.105,
            "ema_window": 50.0,
            "strategy": "3",
            "return": -100.0
        },
        "ICXUSDT": {
            "sl": 0.93,
            "tp": 1.105,
            "ema_window": 50.0,
            "strategy": "3",
            "return": -100.0
        },
        "INJUSDT": {
            "sl": 0.93,
            "tp": 1.105,
            "ema_window": 50.0,
            "strategy": "3",
            "return": 146.48003518039997
        },
        "IOSTUSDT": {
            "sl": 0.93,
            "tp": 1.105,
            "ema_window": 50.0,
            "strategy": "3",
            "return": -100.0
        },
        "IOTXUSDT": {
            "sl": 0.93,
            "tp": 1.105,
            "ema_window": 50.0,
            "strategy": "3",
            "return": -100.0
        },
        "JSTUSDT": {
            "sl": 0.93,
            "tp": 1.105,
            "ema_window": 50.0,