{
    "average": -18.37994194292493,
    "results": {
        "AAVEUSDT": {
            "sl": 0.97,
            "tp": 1.045,
            "ema_window": 20.0,
            "strategy": "1",
            "return": 131.9888561240001
        },
        "ADAUSDT": {
            "sl": 0.97,
            "tp": 1.045,
            "ema_window": 20.0,
            "strategy": "1",
            "return": -38.80017008353
        },
        "ALGOUSDT": {
            "sl": 0.97,
            "tp": 1.045,
            "ema_window": 20.0,
            "strategy": "1",
            "return": -81.56186223444998
        },
        "ANKRUSDT": {
            "sl": 0.97,
            "tp": 1.045,
            "ema_window": 20.0,
            "strategy": "1",
            "return": -92.66037083365191
        },
        "ANTUSDT": {
            "sl": 0.97,
            "tp": 1.045,
            "ema_window": 20.0,
            "strategy": "1",
            "return": 18.81529865925001
        },
        "ATOMUSDT": {
            "sl": 0.97,
            "tp": 1.045,
            "ema_window": 20.0,
            "strategy": "1",
            "return": -90.185502197
        },
        "AUDIOUSDT": {
            "sl": 0.97,
            "tp": 1.045,
            "ema_window": 20.0,
            "strategy": "1",
            "return": -79.68316790910997
        },
        "AVAXUSDT": {
            "sl": 0.97,
            "tp": 1.045,
            "ema_window": 20.0,
            "strategy": "1",
            "return": 20.89715696635001
        },
        "AXSUSDT": {
            "sl": 0.97,
            "tp": 1.045,
            "ema_window": 20.0,
            "strategy": "1",
            "return": 11.219055145920022
        },
        "BALUSDT": {
            "sl": 0.97,
            "tp": 1.045,
            "ema_window": 20.0,
            "strategy": "1",
            "return": 36.43184124849996
        },
        "BATUSDT": {
            "sl": 0.97,
            "tp": 1.045,
            "ema_window": 20.0,
            "strategy": "1",
            "return": -23.835031179249942
        },
        "BCHUSDT": {
            "sl": 0.97,
            "tp": 1.045,
            "ema_window": 20.0,
            "strategy": "1",
            "return": 13.397594900000012
        },
        "BNBUSDT": {
            "sl": 0.97,
            "tp": 1.045,
            "ema_window": 20.0,
            "strategy": "1",
            "return": -91.72646723455
        },
        "BTCUSDT": {
            "sl": 0.97,
            "tp": 1.045,
            "ema_window": 20.0,
            "strategy": "1",
            "return": -71.77045213499994
        },
        "BTTUSDT": {
            "sl": 0.97,
            "tp": 1.045,
            "ema_window": 20.0,
            "strategy": "1",
            "return": -88.98522571352758
        },
        "BUSDUSDT": {
            "sl": 0.97,
            "tp": 1.045,
            "ema_window": 20.0,
            "strategy": "1",
            "return": 0.16954138474998762
        },
        "CELRUSDT": {
            "sl": 0.97,
            "tp": 1.045,
            "ema_window": 20.0,
            "strategy": "1",
            "return": -99.59092926611501
        },
        "CHRUSDT": {
            "sl": 0.97,
            "tp": 1.045,
            "ema_window": 20.0,
            "strategy": "1",
            "return": -67.80074200276502
        },
        "CHZUSDT": {
            "sl": 0.97,
            "tp": 1.045,
            "ema_window": 20.0,
            "strategy": "1",
            "return": -69.83824589474253
        },
        "COMPUSDT": {
            "sl": 0.97,
            "tp": 1.045,
            "ema_window": 20.0,
            "strategy": "1",
            "return": 75.76332408000009
        },
        "CRVUSDT": {
            "sl": 0.97,
            "tp": 1.045,
            "ema_window": 20.0,
            "strategy": "1",
            "return": -56.34414385850006
        },
        "CVCUSDT": {
            "sl": 0.97,
            "tp": 1.045,
            "ema_window": 20.0,
            "strategy": "1",
            "return": -45.04104741025496
        },
        "DAIUSDT": {
            "sl": 0.97,
            "tp": 1.045,
            "ema_window": 20.0,
            "strategy": "1",
            "return": 0.007469052000000374
        },
        "DASHUSDT": {
            "sl": 0.97,
            "tp": 1.045,
            "ema_window": 20.0,
            "strategy": "1",
            "return": 16.630028934999967
        },
        "DCRUSDT": {
            "sl": 0.97,
            "tp": 1.045,
            "ema_window": 20.0,
            "strategy": "1",
            "return": -63.405398777
        },
        "DGBUSDT": {
            "sl": 0.97,
            "tp": 1.045,
            "ema_window": 20.0,
            "strategy": "1",
            "return": 1.5525731480700051
        },
        "DOGEUSDT": {
            "sl": 0.97,
            "tp": 1.045,
            "ema_window": 20.0,
            "strategy": "1",
            "return": -52.36028624083248
        },
        "DOTUSDT": {
            "sl": 0.97,
            "tp": 1.045,
            "ema_window": 20.0,
            "strategy": "1",
            "return": -15.276418985350029
        },
        "EGLDUSDT": {
            "sl": 0.97,
            "tp": 1.045,
            "ema_window": 20.0,
            "strategy": "1",
            "return": -24.332603050999968
        },
        "ENJUSDT": {
            "sl": 0.97,
            "tp": 1.045,
            "ema_window": 20.0,
            "strategy": "1",
            "return": 9.169661841385052
        },
        "EOSUSDT": {
            "sl": 0.97,
            "tp": 1.045,
            "ema_window": 20.0,
            "strategy": "1",
            "return": 5.701783472450028
        },
        "ETCUSDT": {
            "sl": 0.97,
            "tp": 1.045,
            "ema_window": 20.0,
            "strategy": "1",
            "return": 62.21615634554995
        },
        "ETHUSDT": {
            "sl": 0.97,
            "tp": 1.045,
            "ema_window": 20.0,
            "strategy": "1",
            "return": -81.44334699499998
        },
        "FILUSDT": {
            "sl": 0.97,
            "tp": 1.045,
            "ema_window": 20.0,
            "strategy": "1",
            "return": 31.178690901200024
        },
        "FTMUSDT": {
            "sl": 0.97,
            "tp": 1.045,
            "ema_window": 20.0,
            "strategy": "1",
            "return": -87.59625154253499
        },
        "GRTUSDT": {
            "sl": 0.97,
            "tp": 1.045,
            "ema_window": 20.0,
            "strategy": "1",
            "return": 24.504151213194998
        },
        "HBARUSDT": {
            "sl": 0.97,
            "tp": 1.045,
            "ema_window": 20.0,
            "strategy": "1",
            "return": -82.431186202485
        },
        "HIVEUSDT": {
            "sl": 0.97,
            "tp": 1.045,
            "ema_window": 20.0,
            "strategy": "1",
            "return": 0.3132805691499379
        },
        "HNTUSDT": {
            "sl": 0.97,
            "tp": 1.045,
            "ema_window": 20.0,
            "strategy": "1",
            "return": -20.882183671500023
        },
        "HOTUSDT": {
            "sl": 0.97,
            "tp": 1.045,
            "ema_window": 20.0,
            "strategy": "1",
            "return": 238.14029159925303
        },
        "ICXUSDT": {
            "sl": 0.97,
            "tp": 1.045,
            "ema_window": 20.0,
            "strategy": "1",
            "return": -43.42604927829999
        },
        "INJUSDT": {
            "sl": 0.97,
            "tp": 1.045,
            "ema_window": 20.0,
            "strategy": "1",
            "return": -73.38756100799999
        },
        "IOSTUSDT": {
            "sl": 0.97,
            "tp": 1.045,
            "ema_window": 20.0,
            "strategy": "1",
            "return": 25.982796945353098
        },
        "IOTXUSDT": {
            "sl": 0.97,
            "tp": 1.045,