{
    "average": 9.36322795995365,
    "results": {
        "AAVEUSDT": {
            "sl": 0.92,
            "tp": 1.12,
            "ema_window": 20.0,
            "strategy": "5",
            "return": 39.16697321249998
        },
        "ADAUSDT": {
            "sl": 0.92,
            "tp": 1.12,
            "ema_window": 20.0,
            "strategy": "5",
            "return": 223.837344989705
        },
        "ALGOUSDT": {
            "sl": 0.92,
            "tp": 1.12,
            "ema_window": 20.0,
            "strategy": "5",
            "return": 40.78809566704999
        },
        "ANKRUSDT": {
            "sl": 0.92,
            "tp": 1.12,
            "ema_window": 20.0,
            "strategy": "5",
            "return": -100.0
        },
        "ANTUSDT": {
            "sl": 0.92,
            "tp": 1.12,
            "ema_window": 20.0,
            "strategy": "5",
            "return": 35.34983710300003
        },
        "ATOMUSDT": {
            "sl": 0.92,
            "tp": 1.12,
            "ema_window": 20.0,
            "strategy": "5",
            "return": -100.0
        },
        "AUDIOUSDT": {
            "sl": 0.92,
            "tp": 1.12,
            "ema_window": 20.0,
            "strategy": "5",
            "return": -5.367651310634988
        },
        "AVAXUSDT": {
            "sl": 0.92,
            "tp": 1.12,
            "ema_window": 20.0,
            "strategy": "5",
            "return": 12.801822046300003
        },
        "AXSUSDT": {
            "sl": 0.92,
            "tp": 1.12,
            "ema_window": 20.0,
            "strategy": "5",
            "return": 0.0
        },
        "BALUSDT": {
            "sl": 0.92,
            "tp": 1.12,
            "ema_window": 20.0,
            "strategy": "5",
            "return": 20.647173185500026
        },
        "BATUSDT": {
            "sl": 0.92,
            "tp": 1.12,
            "ema_window": 20.0,
            "strategy": "5",
            "return": -26.647996690099983
        },
        "BCHUSDT": {
            "sl": 0.92,
            "tp": 1.12,
            "ema_window": 20.0,
            "strategy": "5",
            "return": -16.101581300000007
        },
        "BNBUSDT": {
            "sl": 0.92,
            "tp": 1.12,
            "ema_window": 20.0,
            "strategy": "5",
            "return": 57.70453143104998
        },
        "BTCUSDT": {
            "sl": 0.92,
            "tp": 1.12,
            "ema_window": 20.0,
            "strategy": "5",
            "return": 117.82059965000002
        },
        "BTTUSDT": {
            "sl": 0.92,
            "tp": 1.12,
            "ema_window": 20.0,
            "strategy": "5",
            "return": -41.75912222790097
        },
        "BUSDUSDT": {
            "sl": 0.92,
            "tp": 1.12,
            "ema_window": 20.0,
            "strategy": "5",
            "return": 0.16845619844998874
        },
        "CELRUSDT": {
            "sl": 0.92,
            "tp": 1.12,
            "ema_window": 20.0,
            "strategy": "5",
            "return": 127.41604409031507
        },
        "CHRUSDT": {
            "sl": 0.92,
            "tp": 1.12,
            "ema_window": 20.0,
            "strategy": "5",
            "return": -10.303897616735004
        },
        "CHZUSDT": {
            "sl": 0.92,
            "tp": 1.12,
            "ema_window": 20.0,
            "strategy": "5",
            "return": 121.249780908093
        },
        "COMPUSDT": {
            "sl": 0.92,
            "tp": 1.12,
            "ema_window": 20.0,
            "strategy": "5",
            "return": -19.524489450000022
        },
        "CRVUSDT": {
            "sl": 0.92,
            "tp": 1.12,
            "ema_window": 20.0,
            "strategy": "5",
            "return": 22.79462106149999
        },
        "CVCUSDT": {
            "sl": 0.92,
            "tp": 1.12,
            "ema_window": 20.0,
            "strategy": "5",
            "return": 104.92762087686502
        },
        "DAIUSDT": {
            "sl": 0.92,
            "tp": 1.12,
            "ema_window": 20.0,
            "strategy": "5",
            "return": 0.0
        },
        "DASHUSDT": {
            "sl": 0.92,
            "tp": 1.12,
            "ema_window": 20.0,
            "strategy": "5",
            "return": -13.842599524999999
        },
        "DCRUSDT": {
            "sl": 0.92,
            "tp": 1.12,
            "ema_window": 20.0,
            "strategy": "5",
            "return": -100.0
        },
        "DGBUSDT": {
            "sl": 0.92,
            "tp": 1.12,
            "ema_window": 20.0,
            "strategy": "5",
            "return": -15.17330307006002
        },
        "DOGEUSDT": {
            "sl": 0.92,
            "tp": 1.12,
            "ema_window": 20.0,
            "strategy": "5",
            "return": 67.94255983254745
        },
        "DOTUSDT": {
            "sl": 0.92,
            "tp": 1.12,
            "ema_window": 20.0,
            "strategy": "5",
            "return": -100.0
        },
        "EGLDUSDT": {
            "sl": 0.92,
            "tp": 1.12,
            "ema_window": 20.0,
            "strategy": "5",
            "return": -100.0
        },
        "ENJUSDT": {
            "sl": 0.92,
            "tp": 1.12,
            "ema_window": 20.0,
            "strategy": "5",
            "return": -100.0
        },
        "EOSUSDT": {
            "sl": 0.92,
            "tp": 1.12,
            "ema_window": 20.0,
            "strategy": "5",
            "return": -43.43972109615
        },
        "ETCUSDT": {
            "sl": 0.92,
            "tp": 1.12,
            "ema_window": 20.0,
            "strategy": "5",
            "return": 19.033327675450014
        },
        "ETHUSDT": {
            "sl": 0.92,
            "tp": 1.12,
            "ema_window": 20.0,
            "strategy": "5",
            "return": 181.75660729499995
        },
        "FILUSDT": {
            "sl": 0.92,
            "tp": 1.12,
            "ema_window": 20.0,
            "strategy": "5",
            "return": 18.319200874000003
        },
        "FTMUSDT": {
            "sl": 0.92,
            "tp": 1.12,
            "ema_window": 20.0,
            "strategy": "5",
            "return": -100.0
        },
        "GRTUSDT": {
            "sl": 0.92,
            "tp": 1.12,
            "ema_window": 20.0,
            "strategy": "5",
            "return": 0.0
        },
        "HBARUSDT": {
            "sl": 0.92,
            "tp": 1.12,
            "ema_window": 20.0,
            "strategy": "5",
            "return": -31.73898207216
        },
        "HIVEUSDT": {
            "sl": 0.92,
            "tp": 1.12,
            "ema_window": 20.0,
            "strategy": "5",
            "return": 102.4041050476
        },
        "HNTUSDT": {
            "sl": 0.92,
            "tp": 1.12,
            "ema_window": 20.0,
            "strategy": "5",
            "return": -17.00796219749999
        },
        "HOTUSDT": {
            "sl": 0.92,
            "tp": 1.12,
            "ema_window": 20.0,
            "strategy": "5",
            "return": -26.356850371069722
        },
        "ICXUSDT": {
            "sl": 0.92,
            "tp": 1.12,
            "ema_window": 20.0,
            "strategy": "5",
            "return": 77.24043927395003
        },
        "INJUSDT": {
            "sl": 0.92,
            "tp": 1.12,
            "ema_window": 20.0,
            "strategy": "5",
            "return": 118.54822701930003
        },
        "IOSTUSDT": {
            "sl": 0.92,
            "tp": 1.12,
            "ema_window": 20.0,
            "strategy": "5",
            "return": -14.036203437329023
        },
        "IOTXUSDT": {
            "sl": 0.92,
            "tp": 1.12,
            "ema_window": 20.0,
            "strategy": "5",
            "return": -100.0
        },
        "JSTUSDT": {
            "sl": 0.92,
            "tp": 1.12,