{
    "average": -22.777161575246584,
    "results": {
        "AAVEUSDT": {
            "sl": 0.98,
            "tp": 1.03,
            "ema_window": 20.0,
            "strategy": "4",
            "return": 88.98900012100007
        },
        "ADAUSDT": {
            "sl": 0.98,
            "tp": 1.03,
            "ema_window": 20.0,
            "strategy": "4",
            "return": -81.25000817887502
        },
        "ALGOUSDT": {
            "sl": 0.98,
            "tp": 1.03,
            "ema_window": 20.0,
            "strategy": "4",
            "return": -82.10249597910006
        },
        "ANKRUSDT": {
            "sl": 0.98,
            "tp": 1.03,
            "ema_window": 20.0,
            "strategy": "4",
            "return": -81.31300373511597
        },
        "ANTUSDT": {
            "sl": 0.98,
            "tp": 1.03,
            "ema_window": 20.0,
            "strategy": "4",
            "return": -2.154302074350024
        },
        "ATOMUSDT": {
            "sl": 0.98,
            "tp": 1.03,
            "ema_window": 20.0,
            "strategy": "4",
            "return": 37.445716880499994
        },
        "AUDIOUSDT": {
            "sl": 0.98,
            "tp": 1.03,
            "ema_window": 20.0,
            "strategy": "4",
            "return": -13.61441091595497
        },
        "AVAXUSDT": {
            "sl": 0.98,
            "tp": 1.03,
            "ema_window": 20.0,
            "strategy": "4",
            "return": 50.70519723744999
        },
        "AXSUSDT": {
            "sl": 0.98,
            "tp": 1.03,
            "ema_window": 20.0,
            "strategy": "4",
            "return": -5.49554562145994
        },
        "BALUSDT": {
            "sl": 0.98,
            "tp": 1.03,
            "ema_window": 20.0,
            "strategy": "4",
            "return": 49.52542995450003
        },
        "BATUSDT": {
            "sl": 0.98,
            "tp": 1.03,
            "ema_window": 20.0,
            "strategy": "4",
            "return": -80.84179675594999
        },
        "BCHUSDT": {
            "sl": 0.98,
            "tp": 1.03,
            "ema_window": 20.0,
            "strategy": "4",
            "return": 134.24029013999996
        },
        "BNBUSDT": {
            "sl": 0.98,
            "tp": 1.03,
            "ema_window": 20.0,
            "strategy": "4",
            "return": -86.87113842540002
        },
        "BTCUSDT": {
            "sl": 0.98,
            "tp": 1.03,
            "ema_window": 20.0,
            "strategy": "4",
            "return": -65.65425992499996
        },
        "BTTUSDT": {
            "sl": 0.98,
            "tp": 1.03,
            "ema_window": 20.0,
            "strategy": "4",
            "return": -72.20338923863092
        },
        "BUSDUSDT": {
            "sl": 0.98,
            "tp": 1.03,
            "ema_window": 20.0,
            "strategy": "4",
            "return": -0.09975991900000372
        },
        "CELRUSDT": {
            "sl": 0.98,
            "tp": 1.03,
            "ema_window": 20.0,
            "strategy": "4",
            "return": -94.9901968585
        },
        "CHRUSDT": {
            "sl": 0.98,
            "tp": 1.03,
            "ema_window": 20.0,
            "strategy": "4",
            "return": -5.870850305685031
        },
        "CHZUSDT": {
            "sl": 0.98,
            "tp": 1.03,
            "ema_window": 20.0,
            "strategy": "4",
            "return": -93.78732100917053
        },
        "COMPUSDT": {
            "sl": 0.98,
            "tp": 1.03,
            "ema_window": 20.0,
            "strategy": "4",
            "return": -48.03496082
        },
        "CRVUSDT": {
            "sl": 0.98,
            "tp": 1.03,
            "ema_window": 20.0,
            "strategy": "4",
            "return": -15.260424491000013
        },
        "CVCUSDT": {
            "sl": 0.98,
            "tp": 1.03,
            "ema_window": 20.0,
            "strategy": "4",
            "return": -43.399159395159984
        },
        "DAIUSDT": {
            "sl": 0.98,
            "tp": 1.03,
            "ema_window": 20.0,
            "strategy": "4",
            "return": 0.0
        },
        "DASHUSDT": {
            "sl": 0.98,
            "tp": 1.03,
            "ema_window": 20.0,
            "strategy": "4",
            "return": -43.592600575
        },
        "DCRUSDT": {
            "sl": 0.98,
            "tp": 1.03,
            "ema_window": 20.0,
            "strategy": "4",
            "return": -69.84508913600004
        },
        "DGBUSDT": {
            "sl": 0.98,
            "tp": 1.03,
            "ema_window": 20.0,
            "strategy": "4",
            "return": 66.27804184870497
        },
        "DOGEUSDT": {
            "sl": 0.98,
            "tp": 1.03,
            "ema_window": 20.0,
            "strategy": "4",
            "return": -28.52849343351106
        },
        "DOTUSDT": {
            "sl": 0.98,
            "tp": 1.03,
            "ema_window": 20.0,
            "strategy": "4",
            "return": -10.488234075400017
        },
        "EGLDUSDT": {
            "sl": 0.98,
            "tp": 1.03,
            "ema_window": 20.0,
            "strategy": "4",
            "return": -28.748515961999914
        },
        "ENJUSDT": {
            "sl": 0.98,
            "tp": 1.03,
            "ema_window": 20.0,
            "strategy": "4",
            "return": 43.88121157448497
        },
        "EOSUSDT": {
            "sl": 0.98,
            "tp": 1.03,
            "ema_window": 20.0,
            "strategy": "4",
            "return": 239.80068724129998
        },
        "ETCUSDT": {
            "sl": 0.98,
            "tp": 1.03,
            "ema_window": 20.0,
            "strategy": "4",
            "return": 168.4895832897
        },
        "ETHUSDT": {
            "sl": 0.98,
            "tp": 1.03,
            "ema_window": 20.0,
            "strategy": "4",
            "return": -85.91971803499997
        },
        "FILUSDT": {
            "sl": 0.98,
            "tp": 1.03,
            "ema_window": 20.0,
            "strategy": "4",
            "return": -18.0409563225
        },
        "FTMUSDT": {
            "sl": 0.98,
            "tp": 1.03,
            "ema_window": 20.0,
            "strategy": "4",
            "return": -72.29853503699502
        },
        "GRTUSDT": {
            "sl": 0.98,
            "tp": 1.03,
            "ema_window": 20.0,
            "strategy": "4",
            "return": 0.0
        },
        "HBARUSDT": {
            "sl": 0.98,
            "tp": 1.03,
            "ema_window": 20.0,
            "strategy": "4",
            "return": -8.420531782584991
        },
        "HIVEUSDT": {
            "sl": 0.98,
            "tp": 1.03,
            "ema_window": 20.0,
            "strategy": "4",
            "return": -3.899890398600022
        },
        "HNTUSDT": {
            "sl": 0.98,
            "tp": 1.03,
            "ema_window": 20.0,
            "strategy": "4",
            "return": 60.735661103999995
        },
        "HOTUSDT": {
            "sl": 0.98,
            "tp": 1.03,
            "ema_window": 20.0,
            "strategy": "4",
            "return": -71.97046529974018
        },
        "ICXUSDT": {
            "sl": 0.98,
            "tp": 1.03,
            "ema_window": 20.0,
            "strategy": "4",
            "return": -55.518386566050026
        },
        "INJUSDT": {
            "sl": 0.98,
            "tp": 1.03,
            "ema_window": 20.0,
            "strategy": "4",
            "return": -73.36585777585
        },
        "IOSTUSDT": {
            "sl": 0.98,
            "tp": 1.03,
            "ema_window": 20.0,
            "strategy": "4",
            "return": -29.589883371358983
        },
        "IOTXUSDT": {
            "sl": 0.98,
            "tp": 1.03,
            "ema_window": 20.0,
            "strategy": "4",